,date,precipitation
0,8/23/2016,0
1,8/24/2016,0.08
2,8/25/2016,0.08
3,8/26/2016,0
4,8/27/2016,0
5,8/28/2016,0.01
6,8/29/2016,0
7,8/30/2016,0
8,8/31/2016,0.13
9,9/1/2016,0
10,9/2/2016,0
11,9/3/2016,0
12,9/4/2016,0.03
13,9/5/2016,
14,9/6/2016,
15,9/7/2016,0.05
16,9/8/2016,0
17,9/9/2016,0.03
18,9/10/2016,0
19,9/11/2016,0.05
20,9/12/2016,0
21,9/13/2016,0.02
22,9/14/2016,1.32
23,9/15/2016,0.42
24,9/16/2016,0.06
25,9/17/2016,0.05
26,9/18/2016,0
27,9/19/2016,0
28,9/20/2016,0
29,9/21/2016,0
30,9/22/2016,0.02
31,9/23/2016,0
32,9/24/2016,0
33,9/25/2016,0
34,9/26/2016,0.06
35,9/27/2016,0.02
36,9/28/2016,0
37,9/29/2016,0
38,9/30/2016,0
39,10/1/2016,0
40,10/2/2016,0
41,10/3/2016,0
42,10/4/2016,0
43,10/5/2016,0
44,10/6/2016,0
45,10/7/2016,0
46,10/8/2016,0
47,10/9/2016,0
48,10/10/2016,0
49,10/11/2016,0
50,10/12/2016,0
51,10/13/2016,0
52,10/14/2016,0
53,10/15/2016,0
54,10/16/2016,0
55,10/17/2016,0.01
56,10/18/2016,0
57,10/19/2016,0
58,10/20/2016,0
59,10/21/2016,0.05
60,10/22/2016,0.15
61,10/23/2016,0.01
62,10/24/2016,0
63,10/25/2016,0.03
64,10/26/2016,0
65,10/27/2016,0
66,10/28/2016,0
67,10/29/2016,0
68,10/30/2016,0.24
69,10/31/2016,0.03
70,11/1/2016,0
71,11/2/2016,0
72,11/3/2016,0
73,11/4/2016,0
74,11/5/2016,0
75,11/6/2016,0
76,11/7/2016,0
77,11/8/2016,0.07
78,11/9/2016,0
79,11/10/2016,0
80,11/11/2016,0
81,11/12/2016,0
82,11/13/2016,0
83,11/14/2016,0
84,11/15/2016,0
85,11/16/2016,0
86,11/17/2016,0
87,11/18/2016,0
88,11/19/2016,0.03
89,11/20/2016,0.05
90,11/21/2016,0.01
91,11/22/2016,0.13
92,11/23/2016,0.14
93,11/24/2016,0.05
94,11/25/2016,0.05
95,11/26/2016,0.05
96,11/27/2016,0
97,11/28/2016,0.01
98,11/29/2016,0
99,11/30/2016,0.14
100,12/1/2016,0.12
101,12/2/2016,0.03
102,12/3/2016,0
103,12/4/2016,0.03
104,12/5/2016,0.43
105,12/6/2016,0.02
106,12/7/2016,0
107,12/8/2016,0.03
108,12/9/2016,0.52
109,12/10/2016,0.05
110,12/11/2016,0.04
111,12/12/2016,0.01
112,12/13/2016,0.05
113,12/14/2016,0.03
114,12/15/2016,0
115,12/16/2016,0
116,12/17/2016,0.01
117,12/18/2016,0.13
118,12/19/2016,0.01
119,12/20/2016,0
120,12/21/2016,0
121,12/22/2016,0.01
122,12/23/2016,0.01
123,12/24/2016,0.01
124,12/25/2016,0
125,12/26/2016,0.02
126,12/27/2016,0
127,12/28/2016,0.02
128,12/29/2016,0.04
129,12/30/2016,0.12
130,12/31/2016,0.01
131,1/1/2017,0
132,1/2/2017,0
133,1/3/2017,0
134,1/4/2017,0
135,1/5/2017,0
136,1/6/2017,0
137,1/7/2017,0
138,1/8/2017,0
139,1/9/2017,0
140,1/10/2017,0
141,1/11/2017,0
142,1/12/2017,0
143,1/13/2017,0
144,1/14/2017,0
145,1/15/2017,0
146,1/16/2017,0
147,1/17/2017,0
148,1/18/2017,0
149,1/19/2017,0
150,1/20/2017,0
151,1/21/2017,0
152,1/22/2017,0.16
153,1/23/2017,0
154,1/24/2017,0.04
155,1/25/2017,0.03
156,1/26/2017,0
157,1/27/2017,0
158,1/28/2017,0
159,1/29/2017,0.18
160,1/30/2017,0
161,1/31/2017,0
162,2/1/2017,0
163,2/2/2017,0
164,2/3/2017,0
165,2/4/2017,0
166,2/5/2017,0
167,2/6/2017,0
168,2/7/2017,0.51
169,2/8/2017,0
170,2/9/2017,0
171,2/10/2017,0
172,2/11/2017,0.31
173,2/12/2017,2.62
174,2/13/2017,0.01
175,2/14/2017,0
176,2/15/2017,0
177,2/16/2017,0.07
178,2/17/2017,0
179,2/18/2017,0
180,2/19/2017,0
181,2/20/2017,0
182,2/21/2017,0.06
183,2/22/2017,0.06
184,2/23/2017,0.01
185,2/24/2017,0
186,2/25/2017,0.03
187,2/26/2017,0
188,2/27/2017,0
189,2/28/2017,0
190,3/1/2017,1.19
191,3/2/2017,0.73
192,3/3/2017,0.47
193,3/4/2017,0
194,3/5/2017,0.35
195,3/6/2017,0
196,3/7/2017,0
197,3/8/2017,0
198,3/9/2017,0
199,3/10/2017,0
200,3/11/2017,0
201,3/12/2017,0
202,3/13/2017,0
203,3/14/2017,0
204,3/15/2017,0
205,3/16/2017,0
206,3/17/2017,0
207,3/18/2017,0
208,3/19/2017,0
209,3/20/2017,0
210,3/21/2017,0
211,3/22/2017,0
212,3/23/2017,0
213,3/24/2017,0.02
214,3/25/2017,0
215,3/26/2017,0
216,3/27/2017,0
217,3/28/2017,0
218,3/29/2017,0
219,3/30/2017,0
220,3/31/2017,0
221,4/1/2017,0
222,4/2/2017,0
223,4/3/2017,0
224,4/4/2017,0
225,4/5/2017,0
226,4/6/2017,0
227,4/7/2017,0
228,4/8/2017,0
229,4/9/2017,0
230,4/10/2017,0
231,4/11/2017,0
232,4/12/2017,0
233,4/13/2017,0
234,4/14/2017,0.26
235,4/15/2017,0.01
236,4/16/2017,0
237,4/17/2017,0.02
238,4/18/2017,0
239,4/19/2017,0.02
240,4/20/2017,0.05
241,4/21/2017,0.23
242,4/22/2017,0.32
243,4/23/2017,0.03
244,4/24/2017,0
245,4/25/2017,0
246,4/26/2017,0
247,4/27/2017,0
248,4/28/2017,0
249,4/29/2017,0.12
250,4/30/2017,0.89
251,5/1/2017,0.26
252,5/2/2017,0
253,5/3/2017,0
254,5/4/2017,0
255,5/5/2017,0
256,5/6/2017,0
257,5/7/2017,0
258,5/8/2017,0
259,5/10/2017,0
260,5/11/2017,0.01
261,5/12/2017,0
262,5/13/2017,0
263,5/14/2017,0
264,5/15/2017,0.05
265,5/16/2017,0.01
266,5/17/2017,0
267,5/18/2017,0.01
268,5/19/2017,0
269,5/20/2017,0
270,5/21/2017,0
271,5/22/2017,0
272,5/23/2017,0.08
273,5/24/2017,0.13
274,5/25/2017,0.15
275,5/27/2017,0.01
276,5/28/2017,0.02
277,5/29/2017,0
278,5/30/2017,0.26
279,5/31/2017,0.02
280,6/1/2017,0
281,6/2/2017,0
282,6/3/2017,0.02
283,6/4/2017,0
284,6/5/2017,0
285,6/6/2017,0
286,6/7/2017,0
287,6/8/2017,0
288,6/9/2017,0
289,6/10/2017,0.04
290,6/11/2017,0.08
291,6/12/2017,0.02
292,6/13/2017,0
293,6/14/2017,0
294,6/15/2017,0
295,6/16/2017,0
296,6/17/2017,0
297,6/18/2017,0.05
298,6/19/2017,0
299,6/20/2017,0.02
300,6/21/2017,0
301,6/22/2017,0
302,6/23/2017,0
303,6/24/2017,0.06
304,6/25/2017,0
305,6/26/2017,0
306,6/27/2017,0
307,6/28/2017,0
308,6/29/2017,0
309,6/30/2017,0.08
310,7/1/2017,0.02
311,7/2/2017,0.02
312,7/3/2017,0.04
313,7/4/2017,0.04
314,7/5/2017,0
315,7/6/2017,0
316,7/7/2017,0
317,7/8/2017,0
318,7/9/2017,0
319,7/10/2017,0
320,7/11/2017,0
321,7/12/2017,0
322,7/13/2017,0.07
323,7/14/2017,0.02
324,7/15/2017,0
325,7/16/2017,0.02
326,7/17/2017,0.03
327,7/18/2017,0.05
328,7/20/2017,0.03
329,7/21/2017,0
330,7/22/2017,0.03
331,7/23/2017,0
332,7/24/2017,0.05
333,7/25/2017,0
334,7/26/2017,0
335,7/27/2017,0
336,7/28/2017,0
337,7/29/2017,0
338,7/30/2017,0
339,7/31/2017,0
340,8/1/2017,0.02
341,8/2/2017,0
342,8/3/2017,0
343,8/4/2017,0.02
344,8/5/2017,0
345,8/6/2017,0
346,8/7/2017,0
347,8/8/2017,0
348,8/9/2017,0
349,8/10/2017,0
350,8/11/2017,0
351,8/12/2017,0
352,8/13/2017,0
353,8/14/2017,0
354,8/15/2017,0.02
355,8/18/2017,0
356,8/19/2017,0
357,8/20/2017,0
358,8/21/2017,0
359,8/22/2017,0
360,8/23/2017,0
361,8/23/2016,0.15
362,8/24/2016,2.15
363,8/25/2016,0.08
364,8/26/2016,0.03
365,8/27/2016,0.18
366,8/28/2016,0.14
367,8/29/2016,0.17
368,8/30/2016,0
369,8/31/2016,0.1
370,9/1/2016,0
371,9/2/2016,0.02
372,9/3/2016,0.07
373,9/4/2016,0.03
374,9/5/2016,0.11
375,9/6/2016,0.05
376,9/7/2016,0.1
377,9/8/2016,0.22
378,9/9/2016,0.01
379,9/10/2016,0.01
380,9/11/2016,0.18
381,9/12/2016,0.04
382,9/13/2016,0.37
383,9/14/2016,0.9
384,9/15/2016,0.12
385,9/16/2016,0.01
386,9/17/2016,0.04
387,9/18/2016,0
388,9/19/2016,0.01
389,9/20/2016,0.09
390,9/21/2016,0.06
391,9/22/2016,0.09
392,9/23/2016,0.15
393,9/24/2016,0
394,9/25/2016,0.02
395,9/26/2016,0.06
396,9/27/2016,0.12
397,9/28/2016,0.08
398,9/29/2016,0.49
399,9/30/2016,0.31
400,10/1/2016,0.14
401,10/2/2016,0.02
402,10/3/2016,0.04
403,10/4/2016,0
404,10/5/2016,0
405,10/6/2016,0.05
406,10/7/2016,0
407,10/8/2016,0
408,10/9/2016,0
409,10/10/2016,0
410,10/11/2016,0.02
411,10/12/2016,0.03
412,10/13/2016,0
413,10/14/2016,0
414,10/15/2016,0
415,10/16/2016,0
416,10/17/2016,0.03
417,10/18/2016,0.05
418,10/19/2016,0.06
419,10/20/2016,0
420,10/21/2016,0.15
421,10/22/2016,0.1
422,10/23/2016,0.01
423,10/24/2016,0
424,10/25/2016,0.04
425,10/26/2016,0.06
426,10/27/2016,0.11
427,10/28/2016,0.02
428,10/29/2016,0.02
429,10/30/2016,0.1
430,10/31/2016,0.03
431,11/1/2016,0.01
432,11/2/2016,0
433,11/3/2016,0
434,11/4/2016,0
435,11/5/2016,0.02
436,11/6/2016,0.02
437,11/7/2016,0
438,11/8/2016,0.14
439,11/9/2016,0.08
440,11/10/2016,0
441,11/11/2016,0
442,11/12/2016,0
443,11/13/2016,0
444,11/14/2016,0.06
445,11/15/2016,0
446,11/16/2016,0.14
447,11/17/2016,0.03
448,11/18/2016,0.01
449,11/19/2016,0.11
450,11/20/2016,0.11
451,11/21/2016,0.02
452,11/22/2016,0.41
453,11/23/2016,0.03
454,11/24/2016,0.2
455,11/25/2016,0.05
456,11/26/2016,0.05
457,11/27/2016,0.06
458,11/28/2016,0.02
459,11/29/2016,0.04
460,11/30/2016,0.05
461,12/1/2016,0.33
462,12/2/2016,0.3
463,12/3/2016,0.04
464,12/4/2016,0.1
465,12/5/2016,0.34
466,12/6/2016,0.02
467,12/7/2016,0.17
468,12/8/2016,0.03
469,12/9/2016,0.34
470,12/10/2016,0.02
471,12/11/2016,0.02
472,12/12/2016,0.01
473,12/13/2016,0.1
474,12/14/2016,0.05
475,12/15/2016,0.02
476,12/16/2016,0.01
477,12/17/2016,0.11
478,12/18/2016,0.29
479,12/19/2016,0.21
480,12/20/2016,0.02
481,12/21/2016,0.03
482,12/22/2016,0.17
483,12/23/2016,0.1
484,12/24/2016,0.14
485,12/25/2016,0.03
486,12/26/2016,0.26
487,12/27/2016,0.03
488,12/28/2016,0.09
489,12/29/2016,0.18
490,12/30/2016,0.21
491,12/31/2016,0.62
492,1/1/2017,0.29
493,1/2/2017,0
494,1/3/2017,0
495,1/4/2017,0
496,1/5/2017,0
497,1/6/2017,0
498,1/7/2017,0.06
499,1/8/2017,0
500,1/9/2017,0
501,1/10/2017,0
502,1/11/2017,0
503,1/12/2017,0
504,1/13/2017,0
505,1/14/2017,0
506,1/15/2017,0
507,1/16/2017,0
508,1/17/2017,0
509,1/18/2017,0
510,1/19/2017,0
511,1/20/2017,0
512,1/21/2017,0.04
513,1/22/2017,0.01
514,1/23/2017,0.08
515,1/24/2017,0.15
516,1/25/2017,0.12
517,1/26/2017,0
518,1/27/2017,0
519,1/28/2017,0.14
520,1/29/2017,0
521,1/30/2017,0
522,1/31/2017,0
523,2/1/2017,0
524,2/2/2017,0
525,2/3/2017,0
526,2/4/2017,0
527,2/5/2017,0
528,2/6/2017,0.16
529,2/7/2017,1.08
530,2/8/2017,1.08
531,2/9/2017,0.02
532,2/10/2017,0
533,2/11/2017,1
534,2/12/2017,1.07
535,2/13/2017,2.9
536,2/14/2017,0
537,2/15/2017,0
538,2/16/2017,0
539,2/17/2017,0.8
540,2/18/2017,0
541,2/19/2017,0
542,2/20/2017,0
543,2/21/2017,0
544,2/22/2017,0.06
545,2/23/2017,0
546,2/24/2017,0
547,2/25/2017,0
548,2/26/2017,0
549,2/27/2017,0
550,2/28/2017,0.16
551,3/1/2017,2.2
552,3/2/2017,1.45
553,3/3/2017,0.54
554,3/4/2017,0
555,3/5/2017,0.1
556,3/6/2017,0.51
557,3/7/2017,0
558,3/8/2017,0
559,3/9/2017,0.8
560,3/10/2017,0.13
561,3/11/2017,0.03
562,3/12/2017,0
563,3/13/2017,0
564,3/14/2017,0
565,3/15/2017,0
566,3/16/2017,0
567,3/17/2017,0.19
568,3/18/2017,0
569,3/19/2017,0
570,3/20/2017,0
571,3/21/2017,0
572,3/22/2017,0
573,3/23/2017,0
574,3/24/2017,0.6
575,3/25/2017,0.13
576,3/26/2017,0
577,3/27/2017,0
578,3/28/2017,0.03
579,3/29/2017,0
580,3/30/2017,0.08
581,3/31/2017,0
582,4/1/2017,0
583,4/2/2017,0
584,4/3/2017,0.08
585,4/4/2017,0.04
586,4/5/2017,0.04
587,4/6/2017,0
588,4/7/2017,0
589,4/8/2017,0
590,4/9/2017,0
591,4/10/2017,0.01
592,4/11/2017,0.03
593,4/12/2017,0.03
594,4/13/2017,0.27
595,4/14/2017,0.69
596,4/15/2017,0.45
597,4/16/2017,0.49
598,4/17/2017,0.41
599,4/18/2017,0.08
600,4/19/2017,0.02
601,4/20/2017,0.33
602,4/21/2017,1.16
603,4/22/2017,1.01
604,4/23/2017,0.02
605,4/24/2017,0
606,4/25/2017,0
607,4/26/2017,0
608,4/27/2017,0.1
609,4/28/2017,2.6
610,4/29/2017,0.35
611,4/30/2017,1.21
612,5/1/2017,0.07
613,5/2/2017,0.03
614,5/3/2017,0.01
615,5/4/2017,0
616,5/5/2017,0
617,5/6/2017,0
618,5/7/2017,0.07
619,5/8/2017,0.22
620,5/9/2017,1.62
621,5/10/2017,0.05
622,5/11/2017,0.03
623,5/12/2017,0.04
624,5/13/2017,0.02
625,5/14/2017,0.05
626,5/15/2017,0.08
627,5/16/2017,0.03
628,5/17/2017,0.02
629,5/18/2017,0.09
630,5/19/2017,0.02
631,5/20/2017,0
632,5/21/2017,0
633,5/22/2017,0
634,5/23/2017,0.02
635,5/24/2017,0.58
636,5/25/2017,0.37
637,5/26/2017,0.02
638,5/27/2017,0
639,5/28/2017,0.29
640,5/29/2017,0.02
641,5/30/2017,0.2
642,5/31/2017,0.1
643,6/1/2017,0.03
644,6/2/2017,0.1
645,6/3/2017,0.2
646,6/4/2017,0.15
647,6/5/2017,0
648,6/6/2017,0
649,6/7/2017,0
650,6/8/2017,0.02
651,6/9/2017,0.02
652,6/10/2017,0.21
653,6/11/2017,0.24
654,6/12/2017,0.19
655,6/13/2017,0.36
656,6/14/2017,0.27
657,6/15/2017,0.17
658,6/16/2017,0.02
659,6/17/2017,0.35
660,6/18/2017,0.25
661,6/19/2017,0.05
662,6/20/2017,0.05
663,6/21/2017,0.02
664,6/22/2017,0.1
665,6/23/2017,0
666,6/24/2017,0
667,6/25/2017,0.08
668,6/26/2017,0.02
669,6/27/2017,0
670,6/28/2017,0.01
671,6/29/2017,0.03
672,6/30/2017,0.04
673,7/1/2017,0.06
674,7/2/2017,0.05
675,7/3/2017,0.13
676,7/4/2017,0.03
677,7/5/2017,0
678,7/6/2017,0
679,7/7/2017,0.02
680,7/8/2017,0.02
681,7/9/2017,0.09
682,7/10/2017,0
683,7/11/2017,0.01
684,7/12/2017,0.01
685,7/13/2017,0.33
686,7/14/2017,0.05
687,7/15/2017,0.03
688,7/16/2017,0.07
689,7/17/2017,0.12
690,7/18/2017,0.03
691,7/19/2017,0
692,7/20/2017,0.12
693,7/21/2017,0
694,7/22/2017,0.07
695,7/23/2017,0.06
696,7/24/2017,0.58
697,7/25/2017,0.03
698,7/26/2017,0.06
699,7/27/2017,0
700,7/28/2017,0.13
701,7/29/2017,0.06
702,7/30/2017,0
703,7/31/2017,0
704,8/23/2016,0.05
705,8/24/2016,2.28
706,8/25/2016,0
707,8/26/2016,0.02
708,8/27/2016,0.02
709,8/28/2016,0.14
710,8/29/2016,0.04
711,8/31/2016,
712,9/1/2016,0
713,9/2/2016,0.19
714,9/5/2016,
715,9/6/2016,0.04
716,9/7/2016,0.23
717,9/8/2016,0.01
718,9/9/2016,0.29
719,9/12/2016,
720,9/13/2016,0.32
721,9/14/2016,1.84
722,9/15/2016,0.07
723,9/16/2016,0.07
724,9/19/2016,
725,9/20/2016,0.25
726,9/21/2016,0.02
727,9/22/2016,0.17
728,9/23/2016,0.15
729,9/24/2016,0
730,9/25/2016,0
731,9/26/2016,0.02
732,9/27/2016,0
733,9/28/2016,0
734,9/29/2016,0.2
735,9/30/2016,0.06
736,10/1/2016,0.08
737,10/2/2016,0.03
738,10/3/2016,0.03
739,10/4/2016,0
740,10/5/2016,0
741,10/6/2016,0
742,10/7/2016,0
743,10/10/2016,
744,10/11/2016,0.04
745,10/12/2016,0
746,10/13/2016,0.02
747,10/14/2016,0
748,10/15/2016,0.02
749,10/17/2016,
750,10/18/2016,0.03
751,10/19/2016,0
752,10/20/2016,0.01
753,10/21/2016,0.03
754,10/23/2016,
755,10/24/2016,0.01
756,10/25/2016,0
757,10/27/2016,0.2
758,10/28/2016,0.07
759,10/29/2016,0.26
760,10/30/2016,0.14
761,10/31/2016,0
762,11/1/2016,0
763,11/2/2016,0
764,11/3/2016,0
765,11/4/2016,0
766,11/5/2016,0
767,11/6/2016,0
768,11/7/2016,0.13
769,11/8/2016,0.02
770,11/9/2016,0.17
771,11/10/2016,0
772,11/11/2016,0
773,11/12/2016,0
774,11/13/2016,0
775,11/14/2016,0.05
776,11/15/2016,0
777,11/16/2016,0.18
778,11/17/2016,0
779,11/22/2016,
780,11/25/2016,
781,11/26/2016,0.02
782,11/27/2016,0.03
783,11/28/2016,0
784,11/29/2016,0.04
785,11/30/2016,0.03
786,12/1/2016,0.07
787,12/2/2016,0.4
788,12/3/2016,0.26
789,12/4/2016,0
790,12/5/2016,0.2
791,12/7/2016,
792,12/8/2016,0.02
793,12/9/2016,0.26
794,12/10/2016,0
795,12/12/2016,
796,12/13/2016,0.34
797,12/14/2016,0.12
798,12/15/2016,0.07
799,12/16/2016,0
800,12/17/2016,0
801,12/18/2016,0.04
802,12/19/2016,0
803,12/20/2016,0
804,12/21/2016,0.09
805,12/22/2016,0.05
806,12/23/2016,0.03
807,12/24/2016,0.13
808,12/26/2016,
809,12/27/2016,0.02
810,12/28/2016,0.01
811,12/29/2016,0.56
812,12/30/2016,0.29
813,12/31/2016,0.36
814,1/1/2017,0
815,1/2/2017,0.01
816,1/3/2017,0
817,1/4/2017,0
818,1/5/2017,0
819,1/6/2017,0.59
820,1/7/2017,0
821,1/8/2017,0.03
822,1/9/2017,0
823,1/10/2017,0
824,1/11/2017,0
825,1/13/2017,
826,1/14/2017,0
827,1/16/2017,
828,1/17/2017,0
829,1/18/2017,0
830,1/19/2017,0
831,1/20/2017,0
832,1/21/2017,0.02
833,1/23/2017,
834,1/25/2017,
835,1/26/2017,0.01
836,1/27/2017,0
837,1/28/2017,0
838,1/30/2017,
839,1/31/2017,0
840,2/1/2017,0
841,2/2/2017,0
842,2/3/2017,0
843,2/5/2017,
844,2/6/2017,0.04
845,2/7/2017,0.9
846,2/8/2017,0
847,2/9/2017,0
848,2/10/2017,0
849,2/11/2017,2.39
850,2/12/2017,1.91
851,2/13/2017,0
852,2/14/2017,0
853,2/15/2017,0
854,2/16/2017,0.62
855,2/17/2017,0.06
856,2/20/2017,
857,2/21/2017,0
858,2/22/2017,0.11
859,2/23/2017,0
860,2/24/2017,0
861,2/26/2017,
862,2/27/2017,0
863,2/28/2017,0.04
864,3/1/2017,1.12
865,3/3/2017,
866,3/6/2017,
867,3/7/2017,0
868,3/8/2017,0
869,3/9/2017,0.5
870,3/10/2017,0.13
871,3/12/2017,
872,3/13/2017,0
873,3/14/2017,0
874,3/16/2017,
875,3/17/2017,0.06
876,3/18/2017,0
877,3/20/2017,
878,3/21/2017,0
879,3/22/2017,0
880,3/23/2017,0
881,3/24/2017,0.15
882,3/27/2017,
883,3/28/2017,0
884,3/29/2017,0.03
885,3/30/2017,0.03
886,3/31/2017,0
887,4/1/2017,0
888,4/2/2017,0
889,4/3/2017,0.09
890,4/4/2017,0
891,4/5/2017,0.07
892,4/6/2017,0
893,4/7/2017,0
894,4/9/2017,
895,4/10/2017,0
896,4/11/2017,0.16
897,4/12/2017,0.29
898,4/13/2017,0
899,4/14/2017,0.29
900,4/17/2017,
901,4/18/2017,0.12
902,4/19/2017,0
903,4/20/2017,0
904,4/21/2017,1.05
905,4/22/2017,0.7
906,4/24/2017,
907,4/25/2017,0
908,4/26/2017,0.14
909,4/27/2017,0.02
910,4/28/2017,0.09
911,4/29/2017,0.95
912,4/30/2017,1.17
913,5/1/2017,0.03
914,5/2/2017,0.01
915,5/3/2017,0.01
916,5/4/2017,0.08
917,5/5/2017,0.28
918,5/6/2017,0.06
919,5/8/2017,0.95
920,5/9/2017,0.52
921,5/10/2017,0
922,5/12/2017,
923,5/15/2017,
924,5/16/2017,0.05
925,5/17/2017,0
926,5/18/2017,0.16
927,5/19/2017,0.01
928,5/20/2017,0.01
929,5/22/2017,
930,5/23/2017,0.11
931,5/24/2017,0.1
932,5/25/2017,0.07
933,5/26/2017,0
934,5/27/2017,0
935,5/28/2017,0.02
936,5/29/2017,0
937,5/30/2017,0.04
938,5/31/2017,0
939,6/1/2017,0
940,6/2/2017,0.15
941,6/3/2017,0.16
942,6/4/2017,0.05
943,6/5/2017,0.02
944,6/6/2017,0
945,6/7/2017,0
946,6/8/2017,0.01
947,6/9/2017,0
948,6/10/2017,0.53
949,6/11/2017,0.14
950,6/12/2017,0.35
951,6/13/2017,0.1
952,6/14/2017,0.21
953,6/15/2017,0.3
954,6/16/2017,0.02
955,6/17/2017,0.02
956,6/18/2017,0.18
957,6/19/2017,0.19
958,6/20/2017,0.17
959,6/23/2017,
960,6/26/2017,
961,6/29/2017,
962,6/30/2017,0
963,7/3/2017,
964,7/5/2017,
965,7/7/2017,
966,7/8/2017,0.06
967,7/9/2017,0
968,7/10/2017,0
969,7/11/2017,0
970,7/12/2017,0.02
971,7/13/2017,0.3
972,7/14/2017,0
973,7/15/2017,0.01
974,7/16/2017,0.12
975,7/17/2017,0.16
976,7/18/2017,0
977,7/19/2017,0.09
978,7/20/2017,0
979,7/21/2017,0
980,7/22/2017,0.12
981,7/23/2017,0.07
982,7/24/2017,1.19
983,7/25/2017,0.12
984,7/26/2017,0.02
985,7/27/2017,0
986,7/28/2017,0.14
987,7/29/2017,0.02
988,7/31/2017,
989,8/1/2017,0.12
990,8/2/2017,0.05
991,8/3/2017,0.01
992,8/4/2017,0.04
993,8/6/2017,0
994,8/7/2017,0
995,8/8/2017,0.1
996,8/9/2017,0
997,8/10/2017,0
998,8/11/2017,0
999,8/13/2017,
1000,8/14/2017,0.01
1001,8/15/2017,0
1002,8/16/2017,0
1003,8/17/2017,0
1004,8/18/2017,0
1005,8/19/2017,0
1006,8/20/2017,0.01
1007,8/21/2017,0.02
1008,8/23/2017,0
1009,8/23/2016,
1010,8/24/2016,
1011,8/25/2016,0
1012,8/26/2016,0.04
1013,8/29/2016,
1014,8/30/2016,0.02
1015,8/31/2016,
1016,9/1/2016,
1017,9/2/2016,
1018,9/8/2016,
1019,9/9/2016,
1020,9/12/2016,
1021,9/13/2016,
1022,9/14/2016,
1023,9/15/2016,
1024,9/16/2016,0
1025,9/19/2016,
1026,9/20/2016,0
1027,9/22/2016,0.06
1028,9/23/2016,0
1029,9/26/2016,
1030,9/28/2016,0
1031,9/29/2016,0.04
1032,9/30/2016,
1033,10/3/2016,
1034,10/4/2016,
1035,10/5/2016,
1036,10/6/2016,0.07
1037,10/7/2016,
1038,10/11/2016,
1039,10/13/2016,
1040,10/17/2016,
1041,10/18/2016,
1042,10/19/2016,
1043,10/20/2016,
1044,10/21/2016,
1045,10/24/2016,
1046,10/25/2016,0.4
1047,10/26/2016,0.2
1048,10/27/2016,
1049,10/28/2016,
1050,10/31/2016,
1051,11/4/2016,
1052,11/7/2016,
1053,11/9/2016,0
1054,11/14/2016,0.02
1055,11/15/2016,
1056,11/16/2016,
1057,11/17/2016,
1058,11/18/2016,
1059,11/21/2016,
1060,11/22/2016,
1061,11/23/2016,
1062,11/28/2016,
1063,11/29/2016,
1064,11/30/2016,
1065,12/1/2016,
1066,12/2/2016,
1067,12/5/2016,
1068,12/6/2016,
1069,12/7/2016,
1070,12/8/2016,0.27
1071,12/9/2016,
1072,12/12/2016,0.02
1073,12/13/2016,
1074,12/14/2016,
1075,12/15/2016,
1076,12/16/2016,
1077,12/19/2016,
1078,12/20/2016,
1079,12/21/2016,0.06
1080,12/22/2016,
1081,12/23/2016,
1082,12/28/2016,
1083,12/29/2016,
1084,12/30/2016,
1085,1/9/2017,
1086,1/10/2017,
1087,1/11/2017,
1088,1/12/2017,
1089,1/13/2017,
1090,1/17/2017,0
1091,1/18/2017,0
1092,1/19/2017,
1093,1/20/2017,
1094,1/23/2017,
1095,1/24/2017,
1096,1/25/2017,
1097,1/26/2017,0
1098,1/27/2017,0
1099,1/30/2017,0.05
1100,1/31/2017,0
1101,2/1/2017,0
1102,2/2/2017,0
1103,2/3/2017,0
1104,2/6/2017,
1105,2/7/2017,0
1106,2/8/2017,0
1107,2/9/2017,0
1108,2/10/2017,0
1109,2/13/2017,
1110,2/14/2017,0
1111,2/15/2017,
1112,2/16/2017,
1113,2/17/2017,0
1114,2/21/2017,
1115,2/22/2017,0.17
1116,2/23/2017,0
1117,2/24/2017,0
1118,2/27/2017,
1119,2/28/2017,
1120,3/1/2017,2.4
1121,3/2/2017,0.44
1122,3/3/2017,0.14
1123,3/6/2017,
1124,3/7/2017,
1125,3/8/2017,
1126,3/9/2017,0
1127,3/10/2017,0
1128,3/13/2017,
1129,3/14/2017,0.06
1130,3/15/2017,0
1131,3/16/2017,
1132,3/17/2017,
1133,3/28/2017,
1134,3/29/2017,
1135,3/30/2017,
1136,3/31/2017,0
1137,4/3/2017,
1138,4/4/2017,0
1139,4/5/2017,0
1140,4/6/2017,0
1141,4/7/2017,0
1142,4/10/2017,
1143,4/11/2017,
1144,4/12/2017,
1145,4/13/2017,
1146,4/17/2017,
1147,4/18/2017,0
1148,4/19/2017,
1149,4/20/2017,
1150,4/21/2017,
1151,4/24/2017,
1152,4/25/2017,
1153,4/27/2017,
1154,4/28/2017,
1155,6/2/2017,
1156,6/5/2017,
1157,6/6/2017,
1158,6/7/2017,
1159,6/8/2017,
1160,6/9/2017,
1161,6/13/2017,
1162,6/14/2017,
1163,6/15/2017,
1164,6/16/2017,
1165,6/19/2017,
1166,6/20/2017,
1167,6/21/2017,
1168,6/22/2017,0
1169,6/23/2017,0
1170,6/26/2017,
1171,6/27/2017,0
1172,6/28/2017,0
1173,6/29/2017,0
1174,6/30/2017,0.12
1175,7/3/2017,
1176,7/5/2017,
1177,7/6/2017,
1178,7/7/2017,
1179,7/10/2017,
1180,7/11/2017,
1181,7/12/2017,
1182,7/13/2017,
1183,7/18/2017,0
1184,7/19/2017,0
1185,7/20/2017,0
1186,7/21/2017,0
1187,7/25/2017,0
1188,7/26/2017,
1189,7/27/2017,
1190,7/28/2017,0.01
1191,7/31/2017,
1192,8/23/2016,0.02
1193,8/24/2016,1.22
1194,8/25/2016,0.21
1195,8/26/2016,0
1196,8/27/2016,0
1197,8/28/2016,0.14
1198,8/29/2016,0
1199,8/30/2016,0
1200,8/31/2016,0.25
1201,9/2/2016,
1202,9/3/2016,0.08
1203,9/4/2016,0.74
1204,9/5/2016,0.02
1205,9/6/2016,0.03
1206,9/7/2016,0.11
1207,9/8/2016,0.01
1208,9/9/2016,0.23
1209,9/10/2016,0.14
1210,9/11/2016,0.12
1211,9/12/2016,0.15
1212,9/13/2016,0.46
1213,9/14/2016,1.19
1214,9/15/2016,0.17
1215,9/16/2016,0.01
1216,9/17/2016,0
1217,9/18/2016,0.04
1218,9/19/2016,0.05
1219,9/20/2016,0.04
1220,9/21/2016,0
1221,9/22/2016,0.01
1222,9/23/2016,0
1223,9/24/2016,0
1224,9/25/2016,0
1225,9/26/2016,0.34
1226,9/27/2016,0.05
1227,9/28/2016,0
1228,9/29/2016,0.18
1229,9/30/2016,0.15
1230,10/1/2016,0.07
1231,10/2/2016,0
1232,10/3/2016,0
1233,10/4/2016,0
1234,10/5/2016,0
1235,10/6/2016,0
1236,10/7/2016,0
1237,10/8/2016,0
1238,10/9/2016,0
1239,10/10/2016,0
1240,10/11/2016,0
1241,10/12/2016,0
1242,10/13/2016,0
1243,10/14/2016,0
1244,10/15/2016,0
1245,10/16/2016,0
1246,10/17/2016,0.12
1247,10/18/2016,0.02
1248,10/19/2016,0
1249,10/21/2016,
1250,10/22/2016,0
1251,10/23/2016,0
1252,10/24/2016,0
1253,10/25/2016,0.12
1254,10/26/2016,0.02
1255,10/27/2016,0.08
1256,10/28/2016,0.06
1257,10/29/2016,0.01
1258,10/30/2016,0
1259,10/31/2016,0.13
1260,11/1/2016,0.01
1261,11/2/2016,0
1262,11/3/2016,0
1263,11/4/2016,0
1264,11/5/2016,0.02
1265,11/6/2016,0
1266,11/7/2016,0
1267,11/8/2016,0.15
1268,11/9/2016,0
1269,11/10/2016,0
1270,11/11/2016,0
1271,11/12/2016,0
1272,11/13/2016,0
1273,11/14/2016,0
1274,11/15/2016,0
1275,11/16/2016,0.07
1276,11/17/2016,0
1277,11/18/2016,0.02
1278,11/19/2016,0.13
1279,11/20/2016,0.4
1280,11/21/2016,0.07
1281,11/22/2016,0.31
1282,11/23/2016,0.03
1283,11/24/2016,0.21
1284,11/25/2016,0.11
1285,11/26/2016,0.03
1286,11/27/2016,0
1287,11/28/2016,0
1288,11/29/2016,0.06
1289,11/30/2016,0
1290,12/1/2016,0.16
1291,12/2/2016,0.01
1292,12/3/2016,0.02
1293,12/4/2016,0.32
1294,12/5/2016,0.45
1295,12/6/2016,0
1296,12/7/2016,0.07
1297,12/8/2016,0.01
1298,12/10/2016,
1299,12/11/2016,0.06
1300,12/12/2016,0
1301,12/13/2016,0.15
1302,12/14/2016,0.05
1303,12/15/2016,0
1304,12/16/2016,0
1305,12/17/2016,0.16
1306,12/18/2016,0.27
1307,12/19/2016,0.02
1308,12/20/2016,0.01
1309,12/21/2016,0.06
1310,12/22/2016,0.14
1311,12/23/2016,0.02
1312,12/24/2016,0.06
1313,12/25/2016,0
1314,12/26/2016,0.06
1315,12/27/2016,0
1316,12/28/2016,0.06
1317,12/29/2016,0.05
1318,12/30/2016,0.07
1319,1/1/2017,
1320,1/3/2017,
1321,1/4/2017,0.18
1322,1/5/2017,0.42
1323,1/6/2017,0.01
1324,1/7/2017,0
1325,1/8/2017,0
1326,1/9/2017,0
1327,1/10/2017,0
1328,1/12/2017,
1329,1/15/2017,
1330,1/16/2017,0
1331,1/18/2017,
1332,1/19/2017,0
1333,1/20/2017,0
1334,1/21/2017,0.11
1335,1/22/2017,0.04
1336,1/23/2017,0
1337,1/24/2017,0.08
1338,1/25/2017,0
1339,1/26/2017,0
1340,1/27/2017,0
1341,1/29/2017,
1342,1/30/2017,0
1343,1/31/2017,0
1344,2/1/2017,0
1345,2/2/2017,0
1346,2/3/2017,0
1347,2/4/2017,0
1348,2/5/2017,0
1349,2/6/2017,0
1350,2/7/2017,1.8
1351,2/8/2017,0
1352,2/9/2017,0
1353,2/10/2017,0
1354,2/11/2017,5.04
1355,2/12/2017,0.07
1356,2/13/2017,0
1357,2/15/2017,
1358,2/16/2017,0.67
1359,2/17/2017,0.06
1360,2/18/2017,0.01
1361,2/20/2017,
1362,2/22/2017,0.13
1363,2/23/2017,0
1364,2/24/2017,0
1365,2/26/2017,
1366,2/27/2017,0
1367,2/28/2017,0
1368,3/1/2017,0.59
1369,3/2/2017,1.48
1370,3/3/2017,0.25
1371,3/4/2017,0
1372,3/6/2017,
1373,3/9/2017,
1374,3/10/2017,0
1375,3/11/2017,0
1376,3/12/2017,0
1377,3/13/2017,0
1378,3/14/2017,0
1379,3/15/2017,0
1380,3/16/2017,0
1381,3/17/2017,0.35
1382,3/18/2017,0
1383,3/19/2017,0
1384,3/20/2017,0
1385,3/21/2017,0
1386,3/22/2017,0
1387,3/23/2017,0.02
1388,3/24/2017,0.07
1389,3/25/2017,0.43
1390,3/26/2017,0
1391,3/27/2017,0
1392,3/28/2017,0
1393,3/29/2017,0.08
1394,3/30/2017,0
1395,3/31/2017,0
1396,4/1/2017,0
1397,4/2/2017,0
1398,4/3/2017,0
1399,4/4/2017,0
1400,4/5/2017,0
1401,4/6/2017,0
1402,4/7/2017,0
1403,4/9/2017,
1404,4/10/2017,0
1405,4/11/2017,0
1406,4/12/2017,0
1407,4/13/2017,0
1408,4/14/2017,0.36
1409,4/15/2017,0
1410,4/16/2017,0
1411,4/17/2017,0.3
1412,4/18/2017,0.15
1413,4/19/2017,0
1414,4/20/2017,0.35
1415,4/21/2017,2.36
1416,4/24/2017,
1417,4/25/2017,0
1418,4/26/2017,0.01
1419,4/27/2017,0
1420,4/28/2017,0
1421,4/29/2017,6.25
1422,4/30/2017,1.31
1423,5/1/2017,0.07
1424,5/2/2017,0
1425,5/3/2017,0
1426,5/4/2017,0
1427,5/5/2017,0
1428,5/6/2017,0
1429,5/7/2017,0
1430,5/8/2017,0
1431,5/9/2017,0.68
1432,5/10/2017,0.06
1433,5/11/2017,0
1434,5/12/2017,0
1435,5/13/2017,0
1436,5/14/2017,0
1437,5/15/2017,0.06
1438,5/16/2017,0
1439,5/17/2017,0
1440,5/18/2017,0.46
1441,5/20/2017,
1442,5/21/2017,0
1443,5/22/2017,0
1444,5/23/2017,0
1445,5/24/2017,0.61
1446,5/25/2017,0.55
1447,5/26/2017,0
1448,5/27/2017,0
1449,5/28/2017,0
1450,5/29/2017,0
1451,5/30/2017,0.11
1452,5/31/2017,0
1453,6/1/2017,0
1454,6/2/2017,0
1455,6/3/2017,0.15
1456,6/4/2017,0
1457,6/5/2017,0
1458,6/6/2017,0
1459,6/7/2017,0
1460,6/8/2017,0
1461,6/9/2017,0
1462,6/10/2017,0.13
1463,6/11/2017,0.25
1464,6/12/2017,0.14
1465,6/13/2017,0.03
1466,6/14/2017,0.06
1467,6/15/2017,0
1468,6/16/2017,0
1469,6/17/2017,0
1470,6/18/2017,0
1471,6/19/2017,0.01
1472,6/21/2017,
1473,6/22/2017,0
1474,6/23/2017,0.05
1475,6/24/2017,0
1476,6/25/2017,0
1477,6/26/2017,0
1478,6/27/2017,0
1479,6/28/2017,0
1480,6/29/2017,0
1481,6/30/2017,0.07
1482,7/2/2017,
1483,7/3/2017,0.02
1484,7/5/2017,
1485,7/6/2017,0
1486,7/7/2017,0
1487,7/8/2017,0
1488,7/9/2017,0
1489,7/10/2017,0
1490,7/11/2017,0
1491,7/12/2017,0
1492,7/13/2017,0.11
1493,7/14/2017,0
1494,7/15/2017,0
1495,7/16/2017,0
1496,7/17/2017,0
1497,7/18/2017,0
1498,7/19/2017,0
1499,7/20/2017,0.33
1500,7/21/2017,0
1501,7/22/2017,0
1502,7/24/2017,
1503,7/25/2017,0.05
1504,7/26/2017,0
1505,7/27/2017,0
1506,7/28/2017,0
1507,7/29/2017,0
1508,7/30/2017,0
1509,7/31/2017,0
1510,8/1/2017,0
1511,8/2/2017,0
1512,8/3/2017,0
1513,8/4/2017,0
1514,8/6/2017,0
1515,8/7/2017,0
1516,8/8/2017,0
1517,8/10/2017,0
1518,8/11/2017,0
1519,8/12/2017,0
1520,8/13/2017,0
1521,8/14/2017,0.08
1522,8/15/2017,0.06
1523,8/16/2017,0.07
1524,8/17/2017,0.05
1525,8/19/2017,
1526,8/21/2017,
1527,8/22/2017,0
1528,8/23/2017,0.08
1529,8/23/2016,1.79
1530,8/24/2016,2.15
1531,8/25/2016,0.06
1532,8/26/2016,0.01
1533,8/27/2016,0.12
1534,8/28/2016,0.6
1535,8/29/2016,0.35
1536,8/30/2016,0
1537,8/31/2016,0.24
1538,9/1/2016,0.02
1539,9/2/2016,0.01
1540,9/3/2016,0.12
1541,9/4/2016,0.14
1542,9/5/2016,0.03
1543,9/6/2016,0.11
1544,9/7/2016,0.16
1545,9/8/2016,0.07
1546,9/9/2016,0.16
1547,9/10/2016,0.09
1548,9/11/2016,0.3
1549,9/12/2016,0.31
1550,9/13/2016,0.34
1551,9/14/2016,2.33
1552,9/15/2016,0.83
1553,9/16/2016,0.06
1554,9/17/2016,0.36
1555,9/18/2016,0.07
1556,9/19/2016,0.01
1557,9/20/2016,0.22
1558,9/21/2016,0.07
1559,9/22/2016,0.34
1560,9/23/2016,0.94
1561,9/24/2016,0.01
1562,9/25/2016,0.03
1563,9/26/2016,0.17
1564,9/27/2016,0.17
1565,9/28/2016,0
1566,9/29/2016,0.59
1567,9/30/2016,0.25
1568,10/1/2016,0.14
1569,10/2/2016,0.06
1570,10/3/2016,0.16
1571,10/4/2016,0.03
1572,10/5/2016,0.01
1573,10/6/2016,0
1574,10/7/2016,0
1575,10/8/2016,0
1576,10/9/2016,0
1577,10/10/2016,0
1578,10/11/2016,0.28
1579,10/12/2016,0.03
1580,10/13/2016,0
1581,10/14/2016,0
1582,10/15/2016,0.04
1583,10/16/2016,0
1584,10/17/2016,0.01
1585,10/18/2016,0.02
1586,10/19/2016,0.11
1587,10/20/2016,0
1588,10/21/2016,0
1589,10/22/2016,0.15
1590,10/23/2016,0.02
1591,10/24/2016,0.08
1592,10/25/2016,0.11
1593,10/26/2016,0.01
1594,10/27/2016,0.22
1595,10/28/2016,0.05
1596,10/29/2016,0.1
1597,10/30/2016,0.16
1598,10/31/2016,0.07
1599,11/1/2016,0.1
1600,11/2/2016,0
1601,11/3/2016,0
1602,11/4/2016,0
1603,11/5/2016,0.03
1604,11/6/2016,0.01
1605,11/7/2016,0
1606,11/8/2016,0.21
1607,11/9/2016,0.11
1608,11/10/2016,0
1609,11/11/2016,0
1610,11/12/2016,0
1611,11/13/2016,0
1612,11/14/2016,0
1613,11/15/2016,0
1614,11/16/2016,0.24
1615,11/17/2016,0.01
1616,11/18/2016,0
1617,11/19/2016,0.11
1618,11/20/2016,0.39
1619,11/21/2016,0.11
1620,11/22/2016,2.05
1621,11/23/2016,0.25
1622,11/24/2016,0.3
1623,11/25/2016,0.08
1624,11/26/2016,0.06
1625,11/27/2016,0.17
1626,11/28/2016,0
1627,11/29/2016,0.09
1628,11/30/2016,0.05
1629,12/1/2016,0.37
1630,12/2/2016,0.35
1631,12/3/2016,0.77
1632,12/4/2016,0.04
1633,12/5/2016,0.22
1634,12/6/2016,0
1635,12/7/2016,0.12
1636,12/8/2016,0.07
1637,12/9/2016,0.31
1638,12/10/2016,0.02
1639,12/11/2016,0
1640,12/12/2016,0
1641,12/13/2016,0.04
1642,12/14/2016,0.92
1643,12/15/2016,0.14
1644,12/16/2016,0.03
1645,12/17/2016,0.07
1646,12/18/2016,0.16
1647,12/19/2016,0.03
1648,12/20/2016,0
1649,12/21/2016,0.11
1650,12/22/2016,0.86
1651,12/23/2016,0.24
1652,12/24/2016,0.2
1653,12/25/2016,0.02
1654,12/26/2016,0.22
1655,12/27/2016,0.05
1656,12/28/2016,0.09
1657,12/29/2016,0.52
1658,12/30/2016,0.29
1659,12/31/2016,0.25
1660,1/1/2017,0.03
1661,1/2/2017,0.01
1662,1/3/2017,0
1663,1/4/2017,0
1664,1/5/2017,0.06
1665,1/6/2017,0.1
1666,1/7/2017,0
1667,1/8/2017,0
1668,1/9/2017,0
1669,1/10/2017,0
1670,1/11/2017,0
1671,1/12/2017,0
1672,1/13/2017,0
1673,1/14/2017,0.01
1674,1/15/2017,0
1675,1/16/2017,0
1676,1/17/2017,0
1677,1/18/2017,0
1678,1/19/2017,0.02
1679,1/20/2017,0
1680,1/21/2017,0.03
1681,1/22/2017,0.09
1682,1/23/2017,0.01
1683,1/24/2017,0.13
1684,1/25/2017,0.79
1685,1/26/2017,0
1686,1/27/2017,0.03
1687,1/28/2017,0
1688,1/29/2017,0.26
1689,1/30/2017,0
1690,1/31/2017,0
1691,2/1/2017,0
1692,2/2/2017,0
1693,2/3/2017,0
1694,2/4/2017,0
1695,2/5/2017,0
1696,2/6/2017,0.18
1697,2/7/2017,1.32
1698,2/8/2017,0
1699,2/9/2017,0
1700,2/10/2017,0
1701,2/11/2017,1.73
1702,2/12/2017,2.98
1703,2/13/2017,0.01
1704,2/14/2017,0
1705,2/15/2017,0.01
1706,2/16/2017,0.73
1707,2/17/2017,0.13
1708,2/18/2017,0
1709,2/19/2017,0.09
1710,2/20/2017,0
1711,2/21/2017,0
1712,2/22/2017,0.06
1713,2/23/2017,0
1714,2/24/2017,0
1715,2/25/2017,0
1716,2/26/2017,0
1717,2/27/2017,0
1718,2/28/2017,0.04
1719,3/1/2017,2.12
1720,3/2/2017,1.88
1721,3/3/2017,0.27
1722,3/4/2017,0
1723,3/5/2017,0.41
1724,3/6/2017,0.03
1725,3/7/2017,0
1726,3/8/2017,0
1727,3/9/2017,0.65
1728,3/10/2017,0.03
1729,3/11/2017,0.01
1730,3/12/2017,0
1731,3/13/2017,0
1732,3/14/2017,0
1733,3/15/2017,0.06
1734,3/16/2017,0
1735,3/17/2017,0.12
1736,3/18/2017,0
1737,3/19/2017,0
1738,3/20/2017,0.02
1739,3/21/2017,0.09
1740,3/22/2017,0
1741,3/23/2017,0
1742,3/24/2017,0.12
1743,3/25/2017,0.93
1744,3/26/2017,0
1745,3/27/2017,0.01
1746,3/28/2017,0
1747,3/29/2017,0.01
1748,3/30/2017,0.04
1749,3/31/2017,0.01
1750,4/1/2017,0.21
1751,4/2/2017,0
1752,4/3/2017,0.26
1753,4/4/2017,0.09
1754,4/5/2017,0.1
1755,4/6/2017,0.06
1756,4/7/2017,0
1757,4/8/2017,0
1758,4/9/2017,0
1759,4/10/2017,0.01
1760,4/11/2017,0.03
1761,4/12/2017,0.11
1762,4/13/2017,0.59
1763,4/14/2017,2.3
1764,4/15/2017,0.38
1765,4/16/2017,0.47
1766,4/17/2017,1.04
1767,4/18/2017,2.03
1768,4/19/2017,0.02
1769,4/20/2017,0.05
1770,4/21/2017,1.74
1771,4/22/2017,1.58
1772,4/23/2017,0.06
1773,4/24/2017,0.01
1774,4/25/2017,0
1775,4/26/2017,0.02
1776,4/27/2017,0.19
1777,4/28/2017,0.76
1778,4/29/2017,0.37
1779,4/30/2017,1.04
1780,5/1/2017,0.13
1781,5/2/2017,0.01
1782,5/3/2017,0.01
1783,5/4/2017,0
1784,5/5/2017,0
1785,5/6/2017,0
1786,5/7/2017,0.02
1787,5/8/2017,0.73
1788,5/9/2017,1.58
1789,5/10/2017,0.2
1790,5/11/2017,0.12
1791,5/12/2017,0.02
1792,5/13/2017,0.12
1793,5/14/2017,0.17
1794,5/15/2017,0.09
1795,5/16/2017,0.03
1796,5/17/2017,0.07
1797,5/18/2017,0.13
1798,5/19/2017,0.01
1799,5/20/2017,0.02
1800,5/21/2017,0.01
1801,5/22/2017,0.06
1802,5/23/2017,0.06
1803,5/24/2017,0.3
1804,5/25/2017,0.2
1805,5/26/2017,0
1806,5/27/2017,0
1807,5/28/2017,0.08
1808,5/29/2017,0.4
1809,5/30/2017,1.12
1810,5/31/2017,0.25
1811,6/1/2017,0
1812,6/2/2017,0.09
1813,6/3/2017,0.08
1814,6/4/2017,0.13
1815,6/5/2017,0.05
1816,6/6/2017,0
1817,6/7/2017,0
1818,6/8/2017,0
1819,6/9/2017,0.02
1820,6/10/2017,0.62
1821,6/11/2017,0.74
1822,6/12/2017,0.24
1823,6/13/2017,0.24
1824,6/14/2017,0.22
1825,6/15/2017,0.55
1826,6/16/2017,0.06
1827,6/17/2017,0.07
1828,6/18/2017,0.24
1829,6/19/2017,0.08
1830,6/20/2017,0
1831,6/21/2017,0.19
1832,6/22/2017,0.06
1833,6/23/2017,0.12
1834,6/24/2017,0.36
1835,6/25/2017,0.02
1836,6/26/2017,0.06
1837,6/27/2017,0.01
1838,6/28/2017,0
1839,6/29/2017,0
1840,6/30/2017,0.01
1841,7/1/2017,0.08
1842,7/2/2017,0.15
1843,7/3/2017,0.15
1844,7/4/2017,0.08
1845,7/5/2017,0
1846,7/6/2017,0
1847,7/7/2017,0.18
1848,7/8/2017,0
1849,7/9/2017,0.11
1850,7/10/2017,0.02
1851,7/11/2017,0.02
1852,7/12/2017,0.28
1853,7/13/2017,0.32
1854,7/14/2017,0.2
1855,7/15/2017,0.05
1856,7/16/2017,0.1
1857,7/17/2017,0.21
1858,7/18/2017,0.05
1859,7/19/2017,0.05
1860,7/20/2017,0.06
1861,7/21/2017,0.03
1862,7/22/2017,0.2
1863,7/23/2017,0.2
1864,7/24/2017,0.61
1865,7/25/2017,0.11
1866,7/26/2017,0.12
1867,7/27/2017,0.01
1868,7/28/2017,0.09
1869,7/29/2017,0.23
1870,7/30/2017,0
1871,7/31/2017,0
1872,8/4/2017,0
1873,8/5/2017,0.06
1874,8/6/2017,0
1875,8/13/2017,0
1876,8/14/2017,0
1877,8/15/2017,0.32
1878,8/16/2017,0.12
1879,8/17/2017,0.01
1880,8/18/2017,0.06
1881,8/23/2016,0.7
1882,8/24/2016,1.45
1883,8/25/2016,0.11
1884,8/27/2016,
1885,8/28/2016,2.07
1886,8/29/2016,0.9
1887,8/30/2016,0.05
1888,8/31/2016,2.46
1889,9/1/2016,0.01
1890,9/2/2016,0.03
1891,9/3/2016,1
1892,9/4/2016,0.44
1893,9/5/2016,0.18
1894,9/6/2016,1
1895,9/7/2016,1.35
1896,9/8/2016,0.15
1897,9/9/2016,0.35
1898,9/10/2016,1.16
1899,9/11/2016,0.6
1900,9/12/2016,1.04
1901,9/13/2016,1.2
1902,9/14/2016,6.7
1903,9/15/2016,3.35
1904,9/16/2016,0.61
1905,9/17/2016,0.23
1906,9/18/2016,0.42
1907,9/19/2016,0.25
1908,9/20/2016,0.43
1909,9/21/2016,1.02
1910,9/22/2016,0.75
1911,9/23/2016,0.33
1912,9/24/2016,0.27
1913,9/25/2016,0.04
1914,9/26/2016,1.02
1915,9/27/2016,1
1916,9/28/2016,0.05
1917,9/29/2016,1.49
1918,9/30/2016,0.38
1919,10/1/2016,1.02
1920,10/2/2016,0.61
1921,10/3/2016,0.46
1922,10/4/2016,3.46
1923,10/5/2016,0.81
1924,10/6/2016,0.04
1925,10/7/2016,0.01
1926,10/8/2016,0.04
1927,10/9/2016,0
1928,10/10/2016,0
1929,10/11/2016,0.35
1930,10/12/2016,0.02
1931,10/13/2016,0.06
1932,10/14/2016,0
1933,10/15/2016,0.33
1934,10/16/2016,0
1935,10/17/2016,0.38
1936,10/18/2016,0.48
1937,10/19/2016,0
1938,10/20/2016,1
1939,10/21/2016,0.09
1940,10/22/2016,1.37
1941,10/23/2016,0.24
1942,10/24/2016,0.7
1943,10/25/2016,0.4
1944,10/26/2016,0
1945,10/27/2016,1.25
1946,10/28/2016,0.37
1947,10/29/2016,0.25
1948,10/30/2016,0.95
1949,10/31/2016,1.35
1950,11/1/2016,0.09
1951,11/2/2016,0.04
1952,11/3/2016,0.02
1953,11/4/2016,0.06
1954,11/5/2016,0.38
1955,11/6/2016,0.05
1956,11/7/2016,0.05
1957,11/8/2016,0.53
1958,11/9/2016,0.04
1959,11/10/2016,0.01
1960,11/11/2016,0
1961,11/12/2016,0
1962,11/13/2016,0
1963,11/14/2016,0.02
1964,11/15/2016,0.05
1965,11/16/2016,0.91
1966,11/17/2016,0.02
1967,11/20/2016,
1968,11/21/2016,2.87
1969,11/22/2016,2.11
1970,11/23/2016,0.22
1971,11/24/2016,0.72
1972,11/25/2016,1.03
1973,11/26/2016,0.3
1974,11/27/2016,0.29
1975,11/28/2016,0.69
1976,11/29/2016,0.2
1977,11/30/2016,0.79
1978,12/1/2016,0.72
1979,12/2/2016,1.27
1980,12/3/2016,1.62
1981,12/4/2016,0.31
1982,12/5/2016,1.6
1983,12/6/2016,0
1984,12/7/2016,0.02
1985,12/8/2016,0.03
1986,12/9/2016,0.42
1987,12/10/2016,0.04
1988,12/11/2016,0.13
1989,12/12/2016,0.01
1990,12/13/2016,0.09
1991,12/14/2016,0.33
1992,12/15/2016,0.03
1993,12/16/2016,0
1994,12/18/2016,
1995,12/19/2016,0.15
1996,12/20/2016,0
1997,12/21/2016,0.55
1998,12/22/2016,1.24
1999,12/23/2016,0.83
2000,12/24/2016,1.08
2001,12/25/2016,0.38
2002,12/26/2016,1.48
2003,12/27/2016,0.14
2004,12/28/2016,0.14
2005,12/29/2016,1.03
2006,12/30/2016,2.37
2007,12/31/2016,0.9
2008,1/1/2017,0.03
2009,1/2/2017,0
2010,1/3/2017,0
2011,1/4/2017,0
2012,1/5/2017,0.47
2013,1/6/2017,0.1
2014,1/7/2017,0
2015,1/8/2017,0.03
2016,1/9/2017,0
2017,1/10/2017,0
2018,1/11/2017,0
2019,1/12/2017,0
2020,1/13/2017,0
2021,1/14/2017,0
2022,1/15/2017,0.01
2023,1/16/2017,0
2024,1/17/2017,0
2025,1/18/2017,0.07
2026,1/19/2017,0
2027,1/20/2017,0
2028,1/21/2017,0.08
2029,1/22/2017,0.72
2030,1/23/2017,0.85
2031,1/24/2017,1.85
2032,1/25/2017,2.64
2033,1/26/2017,0.1
2034,1/27/2017,0.03
2035,1/28/2017,0
2036,1/29/2017,0.55
2037,1/30/2017,0
2038,1/31/2017,0
2039,2/1/2017,0
2040,2/2/2017,0
2041,2/4/2017,
2042,2/5/2017,0
2043,2/6/2017,0
2044,2/7/2017,1.79
2045,2/8/2017,0
2046,2/9/2017,0
2047,2/10/2017,0
2048,2/11/2017,0.73
2049,2/12/2017,1.83
2050,2/13/2017,0
2051,2/14/2017,0.01
2052,2/15/2017,0.07
2053,2/16/2017,0.13
2054,2/18/2017,
2055,2/19/2017,0.1
2056,2/20/2017,0
2057,2/21/2017,0.07
2058,2/22/2017,0.32
2059,2/23/2017,0
2060,2/24/2017,0
2061,2/25/2017,0.12
2062,2/26/2017,0
2063,2/27/2017,0
2064,2/28/2017,0.58
2065,3/1/2017,2
2066,3/2/2017,0.58
2067,3/3/2017,0.56
2068,3/4/2017,0
2069,3/5/2017,0.35
2070,3/6/2017,0
2071,3/7/2017,0
2072,3/8/2017,0
2073,3/9/2017,0.01
2074,3/10/2017,0
2075,3/11/2017,0
2076,3/13/2017,
2077,3/14/2017,0
2078,3/15/2017,0
2079,3/16/2017,0
2080,3/18/2017,
2081,3/19/2017,0
2082,3/20/2017,0
2083,3/21/2017,0
2084,3/22/2017,0
2085,3/23/2017,0.03
2086,3/24/2017,0.17
2087,3/25/2017,0.48
2088,3/26/2017,0
2089,3/27/2017,0
2090,3/28/2017,0.68
2091,3/29/2017,0.07
2092,3/31/2017,
2093,4/1/2017,0.2
2094,4/2/2017,0
2095,4/3/2017,0.23
2096,4/4/2017,0.02
2097,4/5/2017,0.45
2098,4/6/2017,0
2099,4/8/2017,
2100,4/9/2017,0
2101,4/10/2017,0
2102,4/11/2017,0.25
2103,4/12/2017,0.65
2104,4/13/2017,0.23
2105,4/14/2017,2.82
2106,4/15/2017,0.9
2107,4/16/2017,0.11
2108,4/17/2017,1.3
2109,4/18/2017,0.98
2110,4/19/2017,0.14
2111,4/20/2017,0
2112,4/21/2017,1.84
2113,4/22/2017,1.35
2114,4/23/2017,0.35
2115,4/24/2017,0.05
2116,4/25/2017,0
2117,4/26/2017,0.22
2118,4/27/2017,0.11
2119,4/28/2017,0.79
2120,4/29/2017,0
2121,4/30/2017,0.8
2122,5/1/2017,0.25
2123,5/2/2017,0
2124,5/4/2017,
2125,5/5/2017,0.1
2126,5/6/2017,0
2127,5/7/2017,0.03
2128,5/8/2017,1.11
2129,5/9/2017,0.23
2130,5/10/2017,0.55
2131,5/11/2017,0.44
2132,5/12/2017,0.1
2133,5/13/2017,0.1
2134,5/14/2017,1
2135,5/15/2017,0.6
2136,5/16/2017,0.3
2137,5/17/2017,0.06
2138,5/18/2017,0
2139,5/20/2017,
2140,5/21/2017,0
2141,5/22/2017,0.3
2142,5/23/2017,0.44
2143,5/24/2017,2.17
2144,5/25/2017,0.88
2145,5/26/2017,0
2146,5/27/2017,0.5
2147,5/28/2017,0
2148,5/30/2017,
2149,6/1/2017,0.01
2150,6/3/2017,
2151,6/4/2017,0.82
2152,6/5/2017,0.01
2153,6/6/2017,0
2154,6/7/2017,0.01
2155,6/8/2017,0
2156,6/10/2017,
2157,6/11/2017,0.7
2158,6/12/2017,0.81
2159,6/13/2017,0.65
2160,6/14/2017,0.81
2161,6/15/2017,1.69
2162,6/16/2017,0.1
2163,6/17/2017,0.1
2164,6/18/2017,0.7
2165,6/19/2017,0.4
2166,6/20/2017,0.31
2167,6/21/2017,0.3
2168,6/22/2017,0.28
2169,6/23/2017,0.5
2170,6/24/2017,0.22
2171,6/25/2017,0.5
2172,6/26/2017,0.02
2173,6/27/2017,0.1
2174,6/28/2017,0.02
2175,6/29/2017,0.04
2176,6/30/2017,0.2
2177,7/1/2017,0.1
2178,7/2/2017,0.5
2179,7/3/2017,0.4
2180,7/4/2017,0
2181,7/5/2017,0
2182,7/6/2017,0.02
2183,7/7/2017,0.3
2184,7/8/2017,0.02
2185,7/9/2017,0
2186,7/10/2017,0.02
2187,7/11/2017,0
2188,7/12/2017,0.05
2189,7/13/2017,0.68
2190,7/14/2017,0.68
2191,7/15/2017,0.1
2192,7/16/2017,0.5
2193,7/17/2017,0.39
2194,7/18/2017,2.4
2195,7/19/2017,0.27
2196,7/20/2017,0.7
2197,7/21/2017,0.1
2198,7/22/2017,4
2199,7/23/2017,0.8
2200,7/24/2017,0.84
2201,7/25/2017,0.3
2202,7/26/2017,0.3
2203,7/27/2017,0
2204,7/28/2017,0.4
2205,7/29/2017,0.3
2206,7/30/2017,0.3
2207,7/31/2017,0
2208,8/1/2017,
2209,8/2/2017,0.25
2210,8/3/2017,0.06
2211,8/5/2017,
2212,8/6/2017,
2213,8/7/2017,0.05
2214,8/8/2017,0.34
2215,8/9/2017,0.15
2216,8/10/2017,0.07
2217,8/11/2017,
2218,8/12/2017,0.14
2219,8/13/2017,
2220,8/14/2017,0.22
2221,8/15/2017,0.42
2222,8/16/2017,0.42
2223,8/17/2017,0.13
2224,8/18/2017,
2225,8/19/2017,0.09
2226,8/20/2017,
2227,8/21/2017,0.56
2228,8/22/2017,0.5
2229,8/23/2017,0.45
